<?xml version="1.0" encoding="UTF-8"?>
<odoo noupdate="1">
    <record id="group_querydeluxe" model="res.groups">
        <field name="name">Access query deluxe</field>
    </record>

    <record id="base.group_system" model="res.groups">
        <field name="implied_ids" eval="[(4, ref('query_deluxe.group_querydeluxe'))]"/>
    </record>

    <record id="base.group_erp_manager" model="res.groups">
        <field name="implied_ids" eval="[(4, ref('query_deluxe.group_querydeluxe'))]"/>
    </record>
</odoo>
